qid,difficulty,question,human_score,human_note
Q001,easy,What's the maximum number of steps allowed in a single workflow?,,
Q003,easy,How much does the Pro plan cost?,,
Q009,easy,How many user roles does Helix have?,,
Q010,easy,Which plan includes SSO?,,
Q017,easy,What does HTTP 401 mean from the Helix API?,,
Q020,easy,What's the support response SLA on Pro?,,
Q023,medium,What's the difference between Pro and Enterprise plans?,,
Q029,medium,What's the GDPR deletion process?,,
Q031,medium,What happens if my payment fails?,,
Q033,medium,How do I rotate an API key safely?,,
Q037,medium,How do I send a Helix webhook to a custom URL?,,
Q038,medium,What's the most efficient way to process a large batch in a workflow?,,
Q044,hard,We're getting paged at 3am because production is failing on 401s but the API key wasn't rotated. What's the standard runbook?,,
Q045,hard,Our customer just renewed but we're hearing rumblings their champion left. What should we do?,,
Q046,hard,Customer says they were charged for an overage but they're sure they were under their limit. How do we investigate?,,
